{
    "nx": 7,
    "dx": 63.0,
    "dt": 0.0025,
    "steps": 120,
    "bc": "dirichlet",
    "shots": 1000,
    "measure_every": 4,
    "mu": [
        18500000000.0,
        18500000000.0,
        18500000000.0,
        18500000000.0,
        18500000000.0,
        18500000000.0,
        18500000000.0,
        18500000000.0
    ],
    "rho": [
        2000.0,
        2133.974596215561,
        2500.0,
        3000.0,
        3500.0,
        3866.025403784439,
        4000.0
    ],
    "u0": [
        0.0,
        0.0,
        1.0,
        0.4,
        0.0,
        0.0,
        0.0
    ],
    "v0": [
        126.90195129410935,
        -433.1099933851343,
        312.53161514800917,
        391.7059651681694,
        -812.5247612742062,
        -542.3034392729214,
        53.24019457402346
    ],
    "source_type": "Ricker wavelet",
    "source_t0": 0.045,
    "source_sigma_t": 0.03183098861837907,
    "sweep_name": "ricker_wavelet_source",
    "mu_true_range_Pa": [
        10000000000.0,
        40000000000.0
    ],
    "rho_range_kgm3": [
        2000.0,
        4000.0
    ],
    "mu_initial_factor": 0.8,
    "engine": "quantum",
    "run_hamiltonian_validation": true
}